move_num,eval_before,eval_diff,board_piece_count,classification,player_elo
11,29,51,31,Mistake,1200
14,27,63,31,Mistake,1200
21,26,100,29,Mistake,1200
24,87,188,27,Blunder,1200
25,101,56,27,Mistake,1200
28,-28,67,27,Mistake,1200
30,-95,295,27,Blunder,1200
36,-362,50,26,Mistake,1200
41,568,55,23,Mistake,1200
11,29,51,31,Mistake,1200
14,27,63,31,Mistake,1200
26,-13,73,29,Mistake,1200
28,-138,88,27,Mistake,1200
29,232,218,27,Blunder,1200
32,-21,228,27,Blunder,1200
34,-273,56,27,Mistake,1200
36,-319,66,27,Mistake,1200
38,-374,68,27,Mistake,1200
40,-421,133,27,Mistake,1200
44,-718,173,27,Blunder,1200
45,847,386,27,Blunder,1200
47,595,779,27,Blunder,1200
3,35,96,32,Mistake,1200
10,72,78,31,Mistake,1200
13,-47,333,30,Blunder,1200
15,-380,112,29,Mistake,1200
17,-481,160,29,Blunder,1200
18,654,79,29,Mistake,1200
19,-573,117,29,Mistake,1200
21,-774,9215,29,Blunder,1200
16,32,59,32,Mistake,1200
33,65,85,28,Mistake,1200
34,-3,68,28,Mistake,1200
38,-37,62,28,Mistake,1200
40,-98,109,28,Mistake,1200
42,-202,59,28,Mistake,1200
43,251,126,28,Mistake,1200
47,205,112,28,Mistake,1200
48,-73,107,28,Mistake,1200
53,255,136,26,Mistake,1200
55,225,188,25,Blunder,1200
57,52,71,25,Mistake,1200
59,-5,97,24,Mistake,1200
60,153,94,23,Mistake,1200
61,-58,144,23,Mistake,1200
62,199,260,23,Blunder,1200
65,84,69,23,Mistake,1200
67,77,111,23,Mistake,1200
68,35,59,23,Mistake,1200
70,8,75,23,Mistake,1200
73,64,107,23,Mistake,1200
74,47,315,23,Blunder,1200
82,-227,89,20,Mistake,1200
88,-320,74,18,Mistake,1200
90,-385,70,18,Mistake,1200
92,-425,157,18,Blunder,1200
16,-31,62,30,Mistake,1200
17,94,57,30,Mistake,1200
18,-38,94,30,Mistake,1200
20,-142,78,28,Mistake,1200
23,256,64,28,Mistake,1200
27,222,92,28,Mistake,1200
28,-125,57,28,Mistake,1200
31,205,64,28,Mistake,1200
33,219,119,28,Mistake,1200
34,-98,62,28,Mistake,1200
36,-159,61,28,Mistake,1200
38,-196,67,28,Mistake,1200
40,-214,140,28,Mistake,1200
41,368,91,28,Mistake,1200
42,-276,109,28,Mistake,1200
43,374,57,28,Mistake,1200
44,-302,128,28,Mistake,1200
58,-384,59,24,Mistake,1200
60,-430,79,24,Mistake,1200
65,544,81,22,Mistake,1200
72,-518,139,22,Mistake,1200
73,667,88,22,Mistake,1200
74,-626,125,21,Mistake,1200
76,-799,9192,19,Blunder,1200
77,9991,9336,18,Blunder,1200
81,837,180,18,Blunder,1200
82,-671,582,18,Blunder,1200
91,898,189,16,Blunder,1200
29,80,116,28,Mistake,1200
30,47,66,27,Mistake,1200
32,15,69,26,Mistake,1200
33,48,59,26,Mistake,1200
42,20,145,26,Mistake,1200
44,35,129,26,Mistake,1200
45,79,208,26,Blunder,1200
46,142,65,26,Mistake,1200
47,-80,131,26,Mistake,1200
50,264,166,24,Blunder,1200
51,-122,205,24,Blunder,1200
43,-30,52,24,Mistake,1200
44,78,60,24,Mistake,1200
49,0,75,20,Mistake,1200
61,-34,67,19,Mistake,1200
62,108,64,19,Mistake,1200
66,83,64,19,Mistake,1200
85,-1,53,17,Mistake,1200
90,0,75,15,Mistake,1200
91,84,148,15,Mistake,1200
96,74,83,11,Mistake,1200
97,0,73,11,Mistake,1200
104,55,55,11,Mistake,1200
105,0,64,11,Mistake,1200
106,60,60,11,Mistake,1200
107,0,65,11,Mistake,1200
109,-25,86,11,Mistake,1200
111,-80,255,11,Blunder,1200
115,-431,54,11,Mistake,1200
127,-595,87,9,Mistake,1200
128,721,236,9,Blunder,1200
26,14,52,30,Mistake,1200
27,43,209,30,Blunder,1200
30,105,58,30,Mistake,1200
32,54,145,30,Mistake,1200
34,-106,116,30,Mistake,1200
42,-253,62,27,Mistake,1200
51,296,76,26,Mistake,1200
55,266,58,25,Mistake,1200
61,328,91,25,Mistake,1200
64,-267,116,23,Mistake,1200
73,431,93,18,Mistake,1200
80,-389,65,17,Mistake,1200
82,-471,97,17,Mistake,1200
83,576,143,17,Mistake,1200
88,-528,58,14,Mistake,1200
13,43,63,30,Mistake,1200
16,26,89,30,Mistake,1200
23,81,52,30,Mistake,1200
24,-31,55,30,Mistake,1200
28,-120,76,28,Mistake,1200
29,200,62,28,Mistake,1200
37,137,79,26,Mistake,1200
38,-68,65,26,Mistake,1200
42,-53,77,26,Mistake,1200
44,-119,55,26,Mistake,1200
45,147,113,26,Mistake,1200
46,-28,97,26,Mistake,1200
48,-86,51,26,Mistake,1200
50,-126,57,26,Mistake,1200
58,-194,105,23,Mistake,1200
62,-277,59,22,Mistake,1200
21,66,155,30,Blunder,1200
29,-137,183,27,Blunder,1200
42,472,65,21,Mistake,1200
43,-367,223,21,Blunder,1200
49,-452,229,20,Blunder,1200
52,688,53,18,Mistake,1200
53,-549,9448,18,Blunder,1200
21,90,50,32,Mistake,1200
22,-39,60,32,Mistake,1200
23,96,90,32,Mistake,1200
40,49,103,26,Mistake,1200
42,-77,69,26,Mistake,1200
43,149,191,26,Blunder,1200
59,24,59,24,Mistake,1200
62,0,56,24,Mistake,1200
76,-34,131,22,Mistake,1200
77,165,117,22,Mistake,1200
78,-46,172,22,Blunder,1200
91,261,101,18,Mistake,1200
92,-160,226,18,Blunder,1200
21,120,67,32,Mistake,1200
24,-47,57,32,Mistake,1200
25,114,93,32,Mistake,1200
30,-26,61,32,Mistake,1200
31,88,55,32,Mistake,1200
38,15,94,27,Mistake,1200
43,89,71,24,Mistake,1200
51,-6,61,24,Mistake,1200
53,-2,54,22,Mistake,1200
55,-46,51,22,Mistake,1200
57,-89,73,22,Mistake,1200
61,-170,61,22,Mistake,1200
64,214,74,22,Mistake,1200
65,-165,93,22,Mistake,1200
68,415,415,21,Blunder,1200
70,12,100,20,Mistake,1200
9,90,65,32,Mistake,1200
10,-26,114,32,Mistake,1200
13,111,78,32,Mistake,1200
19,67,57,32,Mistake,1200
22,23,82,32,Mistake,1200
30,-78,70,30,Mistake,1200
32,-136,61,30,Mistake,1200
33,179,74,30,Mistake,1200
34,-80,72,30,Mistake,1200
35,141,50,30,Mistake,1200
36,-84,95,30,Mistake,1200
38,-186,77,30,Mistake,1200
41,249,89,28,Mistake,1200
42,-144,388,28,Blunder,1200
44,-523,65,27,Mistake,1200
49,658,121,25,Mistake,1200
60,-772,124,22,Mistake,1200
62,-993,8991,22,Blunder,1200
69,9990,9381,19,Blunder,1200
3,35,96,32,Mistake,1200
11,-55,63,31,Mistake,1200
13,-71,145,31,Mistake,1200
14,208,65,31,Mistake,1200
15,-154,166,31,Blunder,1200
16,290,95,31,Mistake,1200
19,-189,111,29,Mistake,1200
20,299,112,29,Mistake,1200
21,-198,9797,29,Blunder,1200
6,17,93,32,Mistake,1200
10,-89,63,31,Mistake,1200
16,-178,109,30,Mistake,1200
18,-264,245,29,Blunder,1200
23,535,97,28,Mistake,1200
34,-452,155,23,Blunder,1200
38,-697,76,22,Mistake,1200
42,-854,115,20,Mistake,1200
9,68,88,31,Mistake,1200
16,26,50,28,Mistake,1200
17,29,60,28,Mistake,1200
51,35,69,26,Mistake,1200
55,-21,134,26,Mistake,1200
56,143,130,26,Mistake,1200
57,-19,87,26,Mistake,1200
58,120,56,26,Mistake,1200
73,-24,106,20,Mistake,1200
78,163,155,17,Blunder,1200
79,-1,140,17,Mistake,1200
82,141,78,17,Mistake,1200
83,-40,133,17,Mistake,1200
84,183,80,17,Mistake,1200
85,-92,254,17,Blunder,1200
89,-352,58,17,Mistake,1200
90,380,74,17,Mistake,1200
91,-311,109,17,Mistake,1200
94,520,206,17,Blunder,1200
96,349,58,17,Mistake,1200
98,332,238,17,Blunder,1200
102,78,50,17,Mistake,1200
135,-14,79,15,Mistake,1200
19,-81,73,32,Mistake,1200
22,179,87,32,Mistake,1200
23,-103,50,32,Mistake,1200
35,-163,87,30,Mistake,1200
47,-291,99,25,Mistake,1200
51,-309,89,24,Mistake,1200
52,386,58,24,Mistake,1200
60,374,138,24,Mistake,1200
61,-229,138,24,Mistake,1200
62,372,241,24,Blunder,1200
63,-95,383,24,Blunder,1200
65,-513,89,22,Mistake,1200
68,692,172,20,Blunder,1200
86,907,269,17,Blunder,1200
87,-632,86,17,Mistake,1200
15,29,50,32,Mistake,1200
16,19,73,32,Mistake,1200
18,-42,74,32,Mistake,1200
25,126,62,32,Mistake,1200
29,53,102,32,Mistake,1200
37,-39,109,30,Mistake,1200
38,137,140,30,Mistake,1200
39,3,223,30,Blunder,1200
43,-250,78,28,Mistake,1200
47,-384,69,27,Mistake,1200
61,-494,57,20,Mistake,1200
13,64,54,31,Mistake,1200
14,-4,110,31,Mistake,1200
21,61,79,26,Mistake,1200
29,-26,54,26,Mistake,1200
37,15,57,24,Mistake,1200
45,-10,88,20,Mistake,1200
46,89,89,20,Mistake,1200
52,17,237,20,Blunder,1200
59,286,110,17,Mistake,1200
60,-159,51,17,Mistake,1200
65,326,139,15,Mistake,1200
67,205,144,14,Mistake,1200
68,-54,124,14,Mistake,1200
69,150,131,14,Mistake,1200
70,-30,156,14,Blunder,1200
75,218,104,14,Mistake,1200
76,-120,118,14,Mistake,1200
77,196,58,14,Mistake,1200
80,-106,180,14,Blunder,1200
81,297,263,14,Blunder,1200
82,-12,156,14,Blunder,1200
86,-196,158,14,Blunder,1200
87,357,171,14,Blunder,1200
88,-204,83,14,Mistake,1200
89,267,205,14,Blunder,1200
90,-214,278,14,Blunder,1200
91,499,458,14,Blunder,1200
93,50,50,14,Mistake,1200
96,0,68,14,Mistake,1200
120,0,553,6,Blunder,1200
24,-10,120,25,Mistake,1200
26,-152,293,23,Blunder,1200
28,-514,252,23,Blunder,1200
6,17,50,32,Mistake,1200
7,48,79,32,Mistake,1200
8,20,62,32,Mistake,1200
14,-44,173,31,Blunder,1200
15,226,232,31,Blunder,1200
16,19,122,31,Mistake,1200
18,-106,94,31,Mistake,1200
19,181,156,31,Blunder,1200
20,-27,171,31,Blunder,1200
22,-195,199,29,Blunder,1200
26,-382,57,29,Mistake,1200
28,-453,136,29,Mistake,1200
31,620,56,27,Mistake,1200
37,598,64,27,Mistake,1200
38,-505,92,27,Mistake,1200
42,-638,153,26,Blunder,1200
43,799,54,26,Mistake,1200
1,39,59,32,Mistake,1200
9,56,58,32,Mistake,1200
11,30,61,32,Mistake,1200
12,42,78,32,Mistake,1200
13,43,79,32,Mistake,1200
17,3,81,30,Mistake,1200
23,-58,124,29,Mistake,1200
27,-165,89,28,Mistake,1200
30,281,122,28,Mistake,1200
34,140,133,26,Mistake,1200
47,-29,62,19,Mistake,1200
51,-121,64,17,Mistake,1200
57,-172,59,16,Mistake,1200
58,224,135,16,Mistake,1200
61,-132,163,16,Blunder,1200
65,-372,65,14,Mistake,1200
4,-19,101,32,Mistake,1200
6,-133,68,32,Mistake,1200
8,-141,57,31,Mistake,1200
10,-203,59,31,Mistake,1200
15,298,96,30,Mistake,1200
16,-211,66,30,Mistake,1200
21,322,83,30,Mistake,1200
22,-222,68,30,Mistake,1200
23,293,163,29,Blunder,1200
24,-171,139,28,Mistake,1200
27,320,52,28,Mistake,1200
28,-269,79,28,Mistake,1200
29,374,66,28,Mistake,1200
32,-257,104,28,Mistake,1200
33,331,50,28,Mistake,1200
42,-433,138,26,Mistake,1200
8,-23,54,31,Mistake,1200
20,-111,71,26,Mistake,1200
21,191,62,26,Mistake,1200
22,-144,62,26,Mistake,1200
23,216,90,26,Mistake,1200
30,-89,66,26,Mistake,1200
32,-148,113,26,Mistake,1200
34,-245,127,26,Mistake,1200
38,-299,322,24,Blunder,1200
3,35,96,32,Mistake,1200
7,-68,61,31,Mistake,1200
8,124,63,31,Mistake,1200
22,111,174,31,Blunder,1200
27,37,99,29,Mistake,1200
40,116,54,27,Mistake,1200
53,24,68,25,Mistake,1200
54,52,126,25,Mistake,1200
59,54,68,23,Mistake,1200
31,0,107,28,Mistake,1200
39,-25,189,27,Blunder,1200
48,288,60,21,Mistake,1200
50,286,71,21,Mistake,1200
53,-150,91,18,Mistake,1200
68,369,118,14,Mistake,1200
78,419,270,12,Blunder,1200
82,195,162,9,Blunder,1200
83,-7,182,9,Blunder,1200
84,186,775,9,Blunder,1200
85,700,896,9,Blunder,1200
91,-392,126,9,Mistake,1200
92,535,76,9,Mistake,1200
93,-468,153,9,Blunder,1200
95,-650,51,9,Mistake,1200
97,-804,61,9,Mistake,1200
12,-8,53,30,Mistake,1200
16,-48,61,30,Mistake,1200
18,-91,58,30,Mistake,1200
19,178,130,30,Mistake,1200
21,58,55,30,Mistake,1200
31,-93,92,27,Mistake,1200
33,-177,76,26,Mistake,1200
44,390,66,21,Mistake,1200
45,-322,67,21,Mistake,1200
48,394,98,21,Mistake,1200
50,307,173,21,Blunder,1200
56,153,85,19,Mistake,1200
58,55,55,19,Mistake,1200
59,1,61,19,Mistake,1200
60,79,259,19,Blunder,1200
62,-23,190,18,Blunder,1200
64,-212,76,18,Mistake,1200
65,283,377,17,Blunder,1200
71,-108,269,15,Blunder,1200
72,396,373,15,Blunder,1200
24,-6,105,26,Mistake,1200
28,-123,71,25,Mistake,1200
30,-119,74,23,Mistake,1200
32,-191,135,23,Mistake,1200
34,-313,53,23,Mistake,1200
12,-17,69,30,Mistake,1200
15,49,88,28,Mistake,1200
19,-7,89,28,Mistake,1200
22,116,123,28,Mistake,1200
25,-22,437,28,Blunder,1200
29,-506,268,28,Blunder,1200
33,-922,131,27,Mistake,1200
34,1050,322,27,Blunder,1200
37,-719,67,24,Mistake,1200
39,-747,81,24,Mistake,1200
13,24,58,30,Mistake,1200
14,27,87,30,Mistake,1200
22,-46,104,26,Mistake,1200
24,-113,69,26,Mistake,1200
25,165,107,26,Mistake,1200
27,67,138,26,Mistake,1200
28,79,132,26,Mistake,1200
29,38,99,26,Mistake,1200
32,61,52,25,Mistake,1200
33,-37,80,24,Mistake,1200
48,154,61,17,Mistake,1200
51,-105,225,16,Blunder,1200
53,-359,155,15,Blunder,1200
56,505,160,14,Blunder,1200
57,-344,9655,14,Blunder,1200
7,72,58,32,Mistake,1200
14,17,78,30,Mistake,1200
17,76,73,30,Mistake,1200
28,50,172,23,Blunder,1200
29,100,78,23,Mistake,1200
47,-32,138,23,Mistake,1200
55,-197,92,21,Mistake,1200
71,-286,78,19,Mistake,1200
78,413,79,17,Mistake,1200
85,-333,136,15,Mistake,1200
108,490,98,12,Mistake,1200
111,-439,154,12,Blunder,1200
114,711,95,10,Mistake,1200
116,636,51,10,Mistake,1200
19,43,84,32,Mistake,1200
20,38,132,32,Mistake,1200
26,-54,126,32,Mistake,1200
28,-183,204,32,Blunder,1200
32,-380,107,32,Mistake,1200
38,-398,52,30,Mistake,1200
48,-380,130,26,Mistake,1200
1,39,59,32,Mistake,1200
20,77,101,30,Mistake,1200
26,39,174,27,Blunder,1200
30,-118,149,27,Mistake,1200
31,232,229,27,Blunder,1200
32,1,181,27,Blunder,1200
44,-235,53,23,Mistake,1200
45,325,165,23,Blunder,1200
47,187,61,23,Mistake,1200
51,197,91,23,Mistake,1200
53,137,75,23,Mistake,1200
55,73,430,23,Blunder,1200
63,-359,149,18,Mistake,1200
64,550,82,18,Mistake,1200
65,-453,153,18,Blunder,1200
69,-733,9266,15,Blunder,1200
18,9,54,32,Mistake,1200
19,37,118,32,Mistake,1200
22,75,151,31,Blunder,1200
23,81,56,30,Mistake,1200
27,0,76,28,Mistake,1200
28,72,164,28,Blunder,1200
30,-82,80,28,Mistake,1200
35,68,104,28,Mistake,1200
39,-11,84,28,Mistake,1200
40,106,62,27,Mistake,1200
47,-130,103,22,Mistake,1200
57,-407,76,21,Mistake,1200
69,-466,110,17,Mistake,1200
84,633,71,17,Mistake,1200
85,-564,71,17,Mistake,1200
88,752,212,14,Blunder,1200
34,-13,193,26,Blunder,1200
35,179,225,26,Blunder,1200
46,41,67,24,Mistake,1200
49,14,77,24,Mistake,1200
52,39,160,22,Blunder,1200
55,116,69,21,Mistake,1200
56,-48,208,21,Blunder,1200
60,-430,56,18,Mistake,1200
16,16,50,32,Mistake,1200
23,16,50,30,Mistake,1200
34,2,67,28,Mistake,1200
39,112,50,28,Mistake,1200
40,-42,126,28,Mistake,1200
42,-154,64,28,Mistake,1200
49,293,179,26,Blunder,1200
53,155,65,23,Mistake,1200
54,-67,108,23,Mistake,1200
58,-123,232,23,Blunder,1200
60,-371,84,23,Mistake,1200
66,-485,63,21,Mistake,1200
67,563,169,21,Blunder,1200
68,-374,84,21,Mistake,1200
74,-557,157,19,Blunder,1200
77,812,188,19,Blunder,1200
79,665,282,17,Blunder,1200
81,428,280,17,Blunder,1200
82,-185,286,16,Blunder,1200
83,452,240,16,Blunder,1200
84,-257,59,16,Mistake,1200
85,363,873,16,Blunder,1200
87,-525,93,16,Mistake,1200
3,35,96,32,Mistake,1200
10,48,86,30,Mistake,1200
11,23,60,30,Mistake,1200
14,23,75,30,Mistake,1200
18,-3,77,30,Mistake,1200
19,71,207,30,Blunder,1200
22,137,119,28,Mistake,1200
23,-8,57,28,Mistake,1200
28,62,116,25,Mistake,1200
29,63,66,25,Mistake,1200
30,-2,100,25,Mistake,1200
33,78,95,22,Mistake,1200
46,118,156,22,Blunder,1200
58,0,324,19,Blunder,1200
59,316,316,19,Blunder,1200
60,0,230,19,Blunder,1200
67,343,54,19,Mistake,1200
68,-335,54,19,Mistake,1200
90,-596,132,10,Mistake,1200
92,-834,136,10,Mistake,1200
5,19,67,32,Mistake,1200
16,0,92,29,Mistake,1200
17,82,532,29,Blunder,1200
18,465,426,29,Blunder,1200
20,75,333,29,Blunder,1200
22,-318,68,29,Mistake,1200
23,348,229,28,Blunder,1200
25,95,10094,28,Blunder,1200
6,17,323,32,Blunder,1200
11,263,112,28,Mistake,1200
16,-142,75,28,Mistake,1200
18,-204,52,28,Mistake,1200
26,-234,137,26,Mistake,1200
29,319,71,25,Mistake,1200
30,-251,115,24,Mistake,1200
39,471,59,21,Mistake,1200
43,460,69,19,Mistake,1200
45,442,100,19,Mistake,1200
46,-320,149,19,Mistake,1200
50,-533,124,19,Mistake,1200
51,677,145,19,Mistake,1200
52,-523,307,18,Blunder,1200
53,832,503,18,Blunder,1200
56,-292,144,16,Mistake,1200
59,450,98,15,Mistake,1200
63,372,91,13,Mistake,1200
65,380,201,13,Blunder,1200
67,211,98,13,Mistake,1200
68,-125,113,13,Mistake,1200
72,-249,102,13,Mistake,1200
82,-473,58,9,Mistake,1200
94,-632,52,7,Mistake,1200
95,716,131,7,Mistake,1200
99,766,75,7,Mistake,1200
9,29,74,32,Mistake,1200
10,28,60,32,Mistake,1200
19,44,59,32,Mistake,1200
25,-19,200,28,Blunder,1200
26,247,138,28,Mistake,1200
28,123,174,27,Blunder,1200
31,62,166,27,Blunder,1200
34,153,153,25,Blunder,1200
38,88,160,23,Blunder,1200
42,-138,127,23,Mistake,1200
48,-334,78,21,Mistake,1200
51,434,53,21,Mistake,1200
55,389,253,20,Blunder,1200
58,-93,53,19,Mistake,1200
63,144,380,17,Blunder,1200
65,-299,68,17,Mistake,1200
66,449,502,17,Blunder,1200
74,0,106,13,Mistake,1200
75,119,100,13,Mistake,1200
83,32,70,13,Mistake,1200
89,0,96,12,Mistake,1200
91,-98,102,12,Mistake,1200
15,17,62,31,Mistake,1200
16,42,82,31,Mistake,1200
23,86,69,30,Mistake,1200
25,37,52,30,Mistake,1200
28,4,101,30,Mistake,1200
30,-96,73,30,Mistake,1200
36,-204,188,28,Blunder,1200
41,470,62,25,Mistake,1200
45,507,112,25,Mistake,1200
50,-509,128,23,Mistake,1200
21,28,118,30,Mistake,1200
25,-34,54,29,Mistake,1200
28,65,119,28,Mistake,1200
50,-56,172,19,Blunder,1200
51,230,157,19,Blunder,1200
52,-86,277,19,Blunder,1200
58,-376,237,16,Blunder,1200
18,-19,57,32,Mistake,1200
23,64,84,32,Mistake,1200
29,-80,126,30,Mistake,1200
30,224,64,30,Mistake,1200
34,274,81,30,Mistake,1200
37,-174,150,30,Blunder,1200
47,-410,131,28,Mistake,1200
37,77,51,23,Mistake,1200
41,0,79,23,Mistake,1200
42,87,123,23,Mistake,1200
44,-38,79,23,Mistake,1200
46,-133,59,23,Mistake,1200
47,202,101,23,Mistake,1200
50,-38,149,21,Mistake,1200
66,-160,57,19,Mistake,1200
68,-191,63,19,Mistake,1200
78,-244,52,15,Mistake,1200
79,283,179,15,Blunder,1200
89,108,85,12,Mistake,1200
92,-27,104,12,Mistake,1200
98,-128,101,12,Mistake,1200
103,302,58,12,Mistake,1200
106,-311,57,12,Mistake,1200
21,-8,65,30,Mistake,1200
35,-19,158,26,Blunder,1200
37,-169,158,25,Blunder,1200
45,-365,112,20,Mistake,1200
47,-531,66,20,Mistake,1200
49,-519,61,20,Mistake,1200
52,611,150,19,Blunder,1200
54,487,76,19,Mistake,1200
64,535,107,16,Mistake,1200
65,-435,174,15,Blunder,1200
15,17,79,31,Mistake,1200
42,11,58,24,Mistake,1200
43,50,99,24,Mistake,1200
48,33,183,24,Blunder,1200
59,228,69,22,Mistake,1200
61,186,97,22,Mistake,1200
62,-86,190,21,Blunder,1200
66,-357,57,21,Mistake,1200
67,419,164,21,Blunder,1200
71,282,214,18,Blunder,1200
72,-38,175,18,Blunder,1200
73,155,155,18,Blunder,1200
42,-21,65,20,Mistake,1200
43,71,72,20,Mistake,1200
4,-39,69,32,Mistake,1200
7,102,70,32,Mistake,1200
14,-14,80,30,Mistake,1200
18,-95,64,30,Mistake,1200
20,-136,63,28,Mistake,1200
26,-137,75,28,Mistake,1200
32,-186,126,26,Mistake,1200
34,-428,83,26,Mistake,1200
51,476,52,20,Mistake,1200
52,-467,248,20,Blunder,1200
10,31,78,32,Mistake,1200
17,68,67,32,Mistake,1200
20,36,59,32,Mistake,1200
37,-37,83,28,Mistake,1200
40,124,62,26,Mistake,1200
43,-39,102,24,Mistake,1200
56,183,64,24,Mistake,1200
57,-93,121,24,Mistake,1200
72,327,54,19,Mistake,1200
75,-269,55,19,Mistake,1200
84,359,67,19,Mistake,1200
92,463,115,17,Mistake,1200
94,398,52,17,Mistake,1200
97,-454,50,17,Mistake,1200
98,497,177,17,Blunder,1200
101,-359,187,17,Blunder,1200
1,39,59,32,Mistake,1200
16,24,51,30,Mistake,1200
17,33,80,30,Mistake,1200
20,27,61,30,Mistake,1200
26,0,92,28,Mistake,1200
29,91,143,28,Mistake,1200
30,46,148,28,Mistake,1200
34,-84,116,26,Mistake,1200
36,-222,51,26,Mistake,1200
37,293,95,26,Mistake,1200
38,-180,108,26,Mistake,1200
39,283,154,26,Blunder,1200
42,-180,60,26,Mistake,1200
49,209,146,25,Mistake,1200
53,66,60,21,Mistake,1200
60,-27,188,18,Blunder,1200
64,-206,55,18,Mistake,1200
68,-288,153,16,Blunder,1200
69,433,76,16,Mistake,1200
77,452,164,14,Blunder,1200
79,364,159,14,Blunder,1200
80,-209,132,14,Mistake,1200
83,475,152,14,Blunder,1200
91,343,115,14,Mistake,1200
92,-274,67,14,Mistake,1200
96,-372,95,14,Mistake,1200
101,578,79,14,Mistake,1200
102,-524,112,13,Mistake,1200
27,16,104,30,Mistake,1200
37,-98,52,26,Mistake,1200
40,160,78,24,Mistake,1200
42,122,55,24,Mistake,1200
43,-68,62,24,Mistake,1200
48,161,102,24,Mistake,1200
50,40,106,24,Mistake,1200
55,71,138,20,Mistake,1200
56,70,200,20,Blunder,1200
57,109,142,20,Mistake,1200
58,35,70,20,Mistake,1200
59,41,188,20,Blunder,1200
78,274,63,15,Mistake,1200
79,-208,93,15,Mistake,1200
83,-349,113,13,Mistake,1200
84,509,62,13,Mistake,1200
86,513,143,13,Mistake,1200
10,31,78,32,Mistake,1200
18,-20,56,32,Mistake,1200
21,80,69,30,Mistake,1200
27,44,58,30,Mistake,1200
43,64,53,26,Mistake,1200
48,19,452,26,Blunder,1200
49,397,394,26,Blunder,1200
51,8,81,26,Mistake,1200
56,72,67,24,Mistake,1200
57,-24,109,24,Mistake,1200
60,145,91,24,Mistake,1200
61,-40,89,24,Mistake,1200
62,128,92,24,Mistake,1200
64,46,77,24,Mistake,1200
65,27,56,24,Mistake,1200
69,-6,51,24,Mistake,1200
91,-2,68,18,Mistake,1200
95,-34,183,16,Blunder,1200
97,-195,210,16,Blunder,1200
98,407,260,16,Blunder,1200
99,-114,176,16,Blunder,1200
100,426,137,16,Mistake,1200
101,-311,209,16,Blunder,1200
102,526,526,16,Blunder,1200
103,0,262,16,Blunder,1200
104,249,132,16,Mistake,1200
114,189,151,13,Blunder,1200
115,-8,279,13,Blunder,1200
118,333,328,12,Blunder,1200
124,5,206,11,Blunder,1200
127,338,338,11,Blunder,1200
133,0,278,11,Blunder,1200
135,-292,105,11,Mistake,1200
137,-429,60,11,Mistake,1200
138,492,498,11,Blunder,1200
142,0,268,9,Blunder,1200
144,-346,123,9,Mistake,1200
23,114,80,29,Mistake,1200
24,-29,143,28,Mistake,1200
25,162,185,28,Blunder,1200
36,120,204,24,Blunder,1200
37,83,83,24,Mistake,1200
43,0,89,24,Mistake,1200
47,28,62,24,Mistake,1200
50,31,73,24,Mistake,1200
55,96,222,24,Blunder,1200
59,-129,79,24,Mistake,1200
65,-170,76,24,Mistake,1200
67,-243,55,23,Mistake,1200
71,-326,65,23,Mistake,1200
45,-69,105,28,Mistake,1200
47,-210,60,28,Mistake,1200
60,370,118,21,Mistake,1200
70,347,123,21,Mistake,1200
71,-202,267,21,Blunder,1200
76,451,127,19,Mistake,1200
78,361,58,19,Mistake,1200
79,-288,122,19,Mistake,1200
85,-477,77,19,Mistake,1200
88,619,106,19,Mistake,1200
91,-539,173,19,Blunder,1200
93,-698,105,17,Mistake,1200
11,34,60,32,Mistake,1200
35,-42,87,26,Mistake,1200
41,-98,129,24,Mistake,1200
44,224,60,24,Mistake,1200
52,179,57,24,Mistake,1200
53,-138,62,24,Mistake,1200
64,290,140,21,Mistake,1200
89,0,68,18,Mistake,1200
93,-78,63,18,Mistake,1200
94,138,86,18,Mistake,1200
24,-15,74,26,Mistake,1200
34,-136,53,26,Mistake,1200
36,-264,173,26,Blunder,1200
51,494,69,18,Mistake,1200
55,466,128,17,Mistake,1200
59,409,62,15,Mistake,1200
74,-623,161,12,Blunder,1200
17,30,67,30,Mistake,1200
22,63,53,30,Mistake,1200
33,27,53,29,Mistake,1200
46,125,53,28,Mistake,1200
51,-73,56,28,Mistake,1200
53,-74,53,28,Mistake,1200
58,167,102,28,Mistake,1200
61,-51,121,28,Mistake,1200
64,190,155,28,Blunder,1200
74,110,50,25,Mistake,1200
85,-75,63,23,Mistake,1200
87,-69,223,23,Blunder,1200
88,305,99,22,Mistake,1200
91,-256,66,19,Mistake,1200
93,-246,220,19,Blunder,1200
29,17,52,28,Mistake,1200
32,-7,71,28,Mistake,1200
39,38,59,28,Mistake,1200
43,15,116,28,Mistake,1200
44,79,98,28,Mistake,1200
45,23,80,27,Mistake,1200
54,0,110,25,Mistake,1200
56,-102,66,25,Mistake,1200
57,182,104,25,Mistake,1200
58,-55,110,25,Mistake,1200
61,204,112,25,Mistake,1200
63,85,183,23,Blunder,1200
76,79,79,18,Mistake,1200
77,0,51,18,Mistake,1200
78,64,67,18,Mistake,1200
84,31,165,18,Blunder,1200
85,154,190,18,Blunder,1200
88,38,218,18,Blunder,1200
89,156,156,18,Blunder,1200
90,0,341,17,Blunder,1200
92,-419,152,16,Blunder,1200
12,-7,84,31,Mistake,1200
16,-98,77,31,Mistake,1200
18,-184,128,30,Mistake,1200
27,379,185,28,Blunder,1200
51,176,67,24,Mistake,1200
52,-112,82,24,Mistake,1200
54,-224,89,24,Mistake,1200
62,-390,139,22,Mistake,1200
64,-584,335,22,Blunder,1200
16,-4,197,30,Blunder,1200
24,-189,67,28,Mistake,1200
25,267,99,28,Mistake,1200
28,-132,121,28,Mistake,1200
32,-363,9631,28,Blunder,1200
16,27,53,30,Mistake,1200
18,-12,58,30,Mistake,1200
24,-30,59,28,Mistake,1200
25,104,88,28,Mistake,1200
55,11,64,22,Mistake,1200
60,22,102,18,Mistake,1200
61,69,69,18,Mistake,1200
65,77,109,18,Mistake,1200
66,33,101,18,Mistake,1200
67,79,97,18,Mistake,1200
73,-13,205,17,Blunder,1200
75,-272,82,17,Mistake,1200
77,-410,66,16,Mistake,1200
78,465,247,16,Blunder,1200
84,284,88,14,Mistake,1200
86,230,54,14,Mistake,1200
87,-164,219,14,Blunder,1200
89,-447,122,14,Mistake,1200
94,1187,318,14,Blunder,1200
97,-978,9019,14,Blunder,1200
1,39,69,32,Mistake,1200
12,22,90,32,Mistake,1200
40,57,51,28,Mistake,1200
49,-2,53,24,Mistake,1200
50,53,70,24,Mistake,1200
53,-10,91,24,Mistake,1200
73,-78,99,20,Mistake,1200
74,186,100,20,Mistake,1200
75,-90,74,20,Mistake,1200
76,157,163,20,Blunder,1200
78,-6,91,19,Mistake,1200
83,71,61,19,Mistake,1200
88,0,78,19,Mistake,1200
92,0,177,19,Blunder,1200
113,134,134,19,Mistake,1200
129,43,97,17,Mistake,1200
130,51,68,17,Mistake,1200
132,0,169,17,Blunder,1200
134,-117,243,17,Blunder,1200
136,-422,119,17,Mistake,1200
139,635,94,17,Mistake,1200
141,603,191,17,Blunder,1200
142,-373,287,17,Blunder,1200
12,-31,97,30,Mistake,1200
13,123,54,30,Mistake,1200
22,-125,108,26,Mistake,1200
23,250,180,26,Blunder,1200
25,87,89,26,Mistake,1200
31,41,90,24,Mistake,1200
33,-36,90,24,Mistake,1200
34,122,63,24,Mistake,1200
37,-63,65,24,Mistake,1200
38,166,92,24,Mistake,1200
40,55,62,24,Mistake,1200
48,23,56,22,Mistake,1200
56,6,69,21,Mistake,1200
69,179,73,21,Mistake,1200
71,133,74,21,Mistake,1200
72,-49,79,21,Mistake,1200
79,183,55,19,Mistake,1200
81,184,64,19,Mistake,1200
82,-99,58,19,Mistake,1200
85,217,69,19,Mistake,1200
86,-147,50,19,Mistake,1200
92,-183,158,19,Blunder,1200
93,374,100,19,Mistake,1200
95,303,56,19,Mistake,1200
103,307,56,17,Mistake,1200
105,293,77,17,Mistake,1200
110,-224,59,15,Mistake,1200
111,311,66,15,Mistake,1200
117,270,130,15,Mistake,1200
123,109,100,11,Mistake,1200
128,-15,60,11,Mistake,1200
132,-13,107,9,Mistake,1200
134,-21,123,9,Mistake,1200
135,103,129,9,Mistake,1200
2,-34,69,32,Mistake,1200
14,-111,78,30,Mistake,1200
15,205,81,30,Mistake,1200
21,201,107,28,Mistake,1200
22,-74,156,28,Blunder,1200
23,259,127,28,Mistake,1200
26,-127,60,28,Mistake,1200
27,204,71,28,Mistake,1200
28,-120,151,28,Blunder,1200
29,288,88,28,Mistake,1200
33,222,64,28,Mistake,1200
34,-154,63,28,Mistake,1200
35,214,108,28,Mistake,1200
45,176,68,22,Mistake,1200
46,-111,110,22,Mistake,1200
48,-211,58,21,Mistake,1200
49,259,56,21,Mistake,1200
54,-227,67,19,Mistake,1200
55,297,62,19,Mistake,1200
60,-240,84,19,Mistake,1200
61,283,100,19,Mistake,1200
70,-255,50,17,Mistake,1200
71,298,55,17,Mistake,1200
72,-222,93,17,Mistake,1200
78,-261,52,17,Mistake,1200
80,-282,71,17,Mistake,1200
81,336,68,17,Mistake,1200
82,-261,56,17,Mistake,1200
83,336,67,17,Mistake,1200
84,-254,108,17,Mistake,1200
86,-425,64,17,Mistake,1200
103,592,75,14,Mistake,1200
104,-501,76,14,Mistake,1200
108,-733,71,10,Mistake,1200
109,810,198,10,Blunder,1200
6,-18,71,32,Mistake,1200
14,-94,56,30,Mistake,1200
15,141,73,30,Mistake,1200
18,-21,63,30,Mistake,1200
32,-90,90,26,Mistake,1200
33,218,132,26,Mistake,1200
34,-55,92,26,Mistake,1200
36,-144,114,26,Mistake,1200
44,-331,176,24,Blunder,1200
62,-558,9439,17,Blunder,1200
14,-49,93,30,Mistake,1200
16,-132,157,30,Blunder,1200
21,296,57,28,Mistake,1200
48,-91,81,22,Mistake,1200
51,51,51,22,Mistake,1200
4,-39,51,32,Mistake,1200
8,-58,91,32,Mistake,1200
12,-89,65,32,Mistake,1200
22,-161,139,32,Mistake,1200
24,-222,109,32,Mistake,1200
25,343,177,32,Blunder,1200
26,-154,159,32,Blunder,1200
27,300,67,32,Mistake,1200
44,-238,98,28,Mistake,1200
45,381,163,28,Blunder,1200
47,267,112,27,Mistake,1200
48,-197,230,26,Blunder,1200
10,-11,75,32,Mistake,1200
11,93,155,32,Blunder,1200
18,63,89,32,Mistake,1200
19,20,59,32,Mistake,1200
21,-42,59,32,Mistake,1200
72,-3,135,14,Mistake,1200
80,-176,73,12,Mistake,1200
87,199,150,12,Blunder,1200
110,0,113,6,Mistake,1200
15,49,94,30,Mistake,1200
18,49,138,30,Mistake,1200
25,136,68,30,Mistake,1200
34,-66,136,26,Mistake,1200
45,170,71,26,Mistake,1200
46,-87,104,26,Mistake,1200
52,-178,70,24,Mistake,1200
53,258,85,24,Mistake,1200
62,-212,102,21,Mistake,1200
63,314,169,21,Blunder,1200
67,156,95,20,Mistake,1200
75,14,100,17,Mistake,1200
79,-40,222,15,Blunder,1200
82,310,171,13,Blunder,1200
87,-95,71,11,Mistake,1200
88,163,63,11,Mistake,1200
90,130,56,11,Mistake,1200
97,-54,66,11,Mistake,1200
104,68,100,11,Mistake,1200
3,26,67,32,Mistake,1200
23,-101,432,30,Blunder,1200
28,568,57,29,Mistake,1200
33,-516,54,27,Mistake,1200
35,-591,65,27,Mistake,1200
38,641,71,27,Mistake,1200
40,617,143,27,Mistake,1200
46,518,52,23,Mistake,1200
52,528,92,21,Mistake,1200
53,-430,145,21,Mistake,1200
57,-500,156,20,Blunder,1200
15,30,107,28,Mistake,1200
21,-79,95,25,Mistake,1200
25,-92,87,25,Mistake,1200
27,-161,143,25,Mistake,1200
28,300,50,25,Mistake,1200
34,257,51,25,Mistake,1200
35,-226,155,25,Blunder,1200
39,-363,53,25,Mistake,1200
63,-656,61,20,Mistake,1200
22,-18,88,32,Mistake,1200
23,126,124,32,Mistake,1200
57,100,55,24,Mistake,1200
64,7,82,18,Mistake,1200
72,-151,399,14,Blunder,1200
6,-18,51,32,Mistake,1200
16,-85,143,28,Mistake,1200
20,-247,52,28,Mistake,1200
21,278,99,28,Mistake,1200
22,-170,52,28,Mistake,1200
24,-207,61,28,Mistake,1200
41,259,51,21,Mistake,1200
46,-227,73,17,Mistake,1200
48,-288,74,17,Mistake,1200
57,397,50,15,Mistake,1200
60,-369,80,14,Mistake,1200
69,564,98,10,Mistake,1200
71,534,210,10,Blunder,1200
72,-367,150,10,Blunder,1200
16,19,53,30,Mistake,1200
19,26,55,30,Mistake,1200
36,-53,50,28,Mistake,1200
39,117,85,28,Mistake,1200
51,1,77,22,Mistake,1200
67,0,69,20,Mistake,1200
69,0,51,20,Mistake,1200
75,0,54,20,Mistake,1200
81,-105,142,20,Mistake,1200
82,286,155,20,Blunder,1200
85,-84,126,20,Mistake,1200
87,-216,166,20,Blunder,1200
92,407,64,18,Mistake,1200
95,-419,75,18,Mistake,1200
97,-582,9414,18,Blunder,1200
17,35,89,30,Mistake,1200
25,-30,85,26,Mistake,1200
30,103,63,24,Mistake,1200
38,88,101,24,Mistake,1200
43,9,164,22,Blunder,1200
51,-82,395,20,Blunder,1200
64,495,99,13,Mistake,1200
67,-483,95,13,Mistake,1200
70,537,60,11,Mistake,1200
6,-53,51,32,Mistake,1200
24,-153,78,32,Mistake,1200
26,-218,143,31,Mistake,1200
31,380,77,28,Mistake,1200
32,-341,67,28,Mistake,1200
33,422,165,28,Blunder,1200
35,272,51,28,Mistake,1200
37,261,136,28,Mistake,1200
38,-125,105,28,Mistake,1200
41,232,59,28,Mistake,1200
44,-152,185,28,Blunder,1200
49,472,172,26,Blunder,1200
53,301,64,24,Mistake,1200
56,-227,74,21,Mistake,1200
58,-279,181,19,Blunder,1200
63,580,90,19,Mistake,1200
65,576,94,18,Mistake,1200
73,530,81,17,Mistake,1200
74,-496,90,17,Mistake,1200
77,651,56,17,Mistake,1200
37,35,129,22,Mistake,1200
38,75,79,22,Mistake,1200
40,0,66,22,Mistake,1200
44,-56,87,22,Mistake,1200
49,174,174,22,Blunder,1200
8,-25,67,32,Mistake,1200
11,86,79,32,Mistake,1200
12,-3,76,32,Mistake,1200
14,-88,50,32,Mistake,1200
26,-119,113,26,Mistake,1200
27,241,136,26,Mistake,1200
28,-105,152,26,Blunder,1200
31,258,64,26,Mistake,1200
32,-194,65,26,Mistake,1200
33,280,77,26,Mistake,1200
34,-187,139,26,Mistake,1200
35,371,208,26,Blunder,1200
37,153,75,26,Mistake,1200
41,71,162,24,Blunder,1200
43,-35,50,24,Mistake,1200
48,112,105,22,Mistake,1200
51,-3,358,22,Blunder,1200
68,530,124,17,Mistake,1200
69,-352,104,17,Mistake,1200
70,450,92,17,Mistake,1200
36,-10,100,22,Mistake,1200
40,-133,56,20,Mistake,1200
41,207,70,20,Mistake,1200
45,179,159,20,Blunder,1200
21,-66,64,32,Mistake,1200
38,90,65,28,Mistake,1200
40,75,76,28,Mistake,1200
55,-34,62,23,Mistake,1200
56,126,102,23,Mistake,1200
60,18,110,21,Mistake,1200
63,92,77,19,Mistake,1200
77,-28,51,19,Mistake,1200
81,-51,95,19,Mistake,1200
85,-157,266,17,Blunder,1200
92,614,92,17,Mistake,1200
93,-555,9438,17,Blunder,1200
20,-21,117,32,Mistake,1200
21,118,84,32,Mistake,1200
23,59,57,32,Mistake,1200
38,30,70,29,Mistake,1200
48,-33,177,27,Blunder,1200
52,-131,121,24,Mistake,1200
57,291,59,21,Mistake,1200
59,315,64,21,Mistake,1200
67,334,84,19,Mistake,1200
74,-232,80,19,Mistake,1200
79,351,52,19,Mistake,1200
80,-318,65,19,Mistake,1200
85,402,82,16,Mistake,1200
87,392,65,16,Mistake,1200
91,410,54,16,Mistake,1200
99,403,123,14,Mistake,1200
113,293,292,12,Blunder,1200
115,-5,305,12,Blunder,1200
117,-280,66,11,Mistake,1200
121,-400,64,11,Mistake,1200
137,-558,70,8,Mistake,1200
13,26,56,32,Mistake,1200
21,-38,100,30,Mistake,1200
23,-125,87,30,Mistake,1200
27,-223,197,29,Blunder,1200
30,433,144,28,Mistake,1200
33,-256,82,26,Mistake,1200
34,363,105,26,Mistake,1200
37,-255,100,25,Mistake,1200
43,-370,56,22,Mistake,1200
46,416,58,20,Mistake,1200
68,549,74,12,Mistake,1200
70,531,67,10,Mistake,1200
74,534,65,7,Mistake,1200
11,51,69,32,Mistake,1200
13,-12,69,32,Mistake,1200
16,83,86,32,Mistake,1200
17,0,81,32,Mistake,1200
18,89,71,32,Mistake,1200
20,-1,58,32,Mistake,1200
21,38,110,32,Mistake,1200
26,68,86,32,Mistake,1200
27,13,107,32,Mistake,1200
28,123,68,32,Mistake,1200
41,-88,88,28,Mistake,1200
43,-190,67,28,Mistake,1200
45,-197,52,28,Mistake,1200
46,240,78,28,Mistake,1200
47,-166,60,28,Mistake,1200
51,-212,74,28,Mistake,1200
54,259,78,28,Mistake,1200
55,-160,75,28,Mistake,1200
57,-211,57,28,Mistake,1200
62,344,123,26,Mistake,1200
64,231,80,24,Mistake,1200
66,258,134,23,Mistake,1200
67,-124,179,23,Blunder,1200
71,-235,97,22,Mistake,1200
72,315,88,22,Mistake,1200
75,-234,52,20,Mistake,1200
87,-284,186,19,Blunder,1200
90,569,222,19,Blunder,1200
94,556,249,19,Blunder,1200
97,-312,89,19,Mistake,1200
99,-432,71,18,Mistake,1200
101,-534,73,17,Mistake,1200
112,906,52,12,Mistake,1200
22,-51,75,28,Mistake,1200
28,-153,51,28,Mistake,1200
33,279,97,26,Mistake,1200
35,181,119,25,Mistake,1200
37,26,375,25,Blunder,1200
39,-375,73,24,Mistake,1200
40,472,547,24,Blunder,1200
41,83,168,24,Blunder,1200
45,-63,76,22,Mistake,1200
46,164,65,22,Mistake,1200
48,107,56,22,Mistake,1200
52,119,82,22,Mistake,1200
58,0,491,22,Blunder,1200
16,-15,55,30,Mistake,1200
18,-38,124,30,Mistake,1200
20,-133,139,30,Mistake,1200
25,236,78,28,Mistake,1200
29,219,123,28,Mistake,1200
32,-96,109,25,Mistake,1200
38,-193,74,23,Mistake,1200
43,258,68,21,Mistake,1200
45,153,56,21,Mistake,1200
46,-85,143,21,Mistake,1200
51,233,60,21,Mistake,1200
56,-179,55,19,Mistake,1200
67,295,147,17,Mistake,1200
71,153,127,17,Mistake,1200
78,-44,91,15,Mistake,1200
87,174,96,13,Mistake,1200
88,-71,103,13,Mistake,1200
89,199,172,13,Blunder,1200
92,-39,63,11,Mistake,1200
94,-153,84,11,Mistake,1200
95,208,118,11,Mistake,1200
97,183,86,11,Mistake,1200
9,77,54,32,Mistake,1200
17,65,54,28,Mistake,1200
35,-94,74,26,Mistake,1200
45,-210,313,25,Blunder,1200
46,507,203,25,Blunder,1200
51,-332,62,24,Mistake,1200
52,417,78,24,Mistake,1200
54,342,69,24,Mistake,1200
56,329,58,24,Mistake,1200
63,-381,68,22,Mistake,1200
64,480,480,21,Blunder,1200
2,-34,69,32,Mistake,1200
9,104,104,32,Mistake,1200
10,-2,91,32,Mistake,1200
14,-96,50,32,Mistake,1200
18,-141,55,32,Mistake,1200
28,-169,112,32,Mistake,1200
29,283,101,32,Mistake,1200
30,-194,80,32,Mistake,1200
32,-251,78,32,Mistake,1200
34,-318,209,32,Blunder,1200
40,-476,70,30,Mistake,1200
46,-675,242,27,Blunder,1200
6,-26,55,32,Mistake,1200
12,0,59,32,Mistake,1200
20,-74,55,30,Mistake,1200
21,127,62,30,Mistake,1200
25,112,65,30,Mistake,1200
42,37,81,26,Mistake,1200
43,52,77,26,Mistake,1200
51,10,199,25,Blunder,1200
54,245,234,23,Blunder,1200
62,-19,58,20,Mistake,1200
66,-93,433,20,Blunder,1200
12,-44,54,30,Mistake,1200
14,-65,51,30,Mistake,1200
16,-115,76,29,Mistake,1200
22,-207,69,26,Mistake,1200
24,-247,76,26,Mistake,1200
25,288,53,26,Mistake,1200
31,250,50,24,Mistake,1200
32,-210,76,24,Mistake,1200
33,282,63,24,Mistake,1200
36,-238,266,22,Blunder,1200
39,526,351,20,Blunder,1200
44,-196,168,20,Blunder,1200
46,-351,116,20,Mistake,1200
49,447,132,19,Mistake,1200
52,-247,87,17,Mistake,1200
53,362,241,17,Blunder,1200
55,163,149,17,Mistake,1200
72,0,331,12,Blunder,1200
87,584,88,9,Mistake,1200
98,-660,9325,7,Blunder,1200
28,34,52,27,Mistake,1200
31,31,56,24,Mistake,1200
32,-26,69,26,Mistake,1200
35,81,233,26,Blunder,1200
40,143,174,24,Blunder,1200
45,-42,120,24,Mistake,1200
47,-99,105,24,Mistake,1200
48,197,67,24,Mistake,1200
49,-131,55,24,Mistake,1200
52,138,369,24,Blunder,1200
53,272,272,23,Blunder,1200
55,0,112,22,Mistake,1200
56,132,95,22,Mistake,1200
57,-59,87,22,Mistake,1200
63,-139,53,21,Mistake,1200
67,-178,258,21,Blunder,1200
68,458,73,21,Mistake,1200
73,-601,232,19,Blunder,1200
16,1,85,32,Mistake,1200
34,-33,55,24,Mistake,1200
35,93,86,24,Mistake,1200
35,-38,52,24,Mistake,1200
46,101,67,24,Mistake,1200
49,34,67,24,Mistake,1200
50,34,64,24,Mistake,1200
51,40,139,24,Mistake,1200
54,117,81,24,Mistake,1200
65,-40,94,20,Mistake,1200
70,62,67,19,Mistake,1200
87,6,89,18,Mistake,1200
88,100,100,18,Mistake,1200
91,-395,363,18,Blunder,1200
23,37,76,26,Mistake,1200
24,36,59,26,Mistake,1200
46,-106,53,22,Mistake,1200
48,-88,149,22,Mistake,1200
52,-258,76,22,Mistake,1200
55,425,69,22,Mistake,1200
60,-378,113,21,Mistake,1200
63,525,81,21,Mistake,1200
65,507,84,19,Mistake,1200
66,-436,93,19,Mistake,1200
67,532,89,19,Mistake,1200
12,2,64,30,Mistake,1200
14,-7,81,30,Mistake,1200
28,-147,59,26,Mistake,1200
30,-192,102,26,Mistake,1200
39,440,222,22,Blunder,1200
40,-193,224,22,Blunder,1200
58,-444,269,16,Blunder,1200
31,7,59,26,Mistake,1200
35,37,96,26,Mistake,1200
37,-26,64,26,Mistake,1200
44,111,112,25,Mistake,1200
49,1,52,25,Mistake,1200
50,60,60,25,Mistake,1200
54,38,77,25,Mistake,1200
55,50,136,25,Mistake,1200
56,76,131,25,Mistake,1200
61,80,78,24,Mistake,1200
67,103,80,22,Mistake,1200
79,108,53,18,Mistake,1200
85,136,104,14,Mistake,1200
88,0,193,14,Blunder,1200
95,350,76,12,Mistake,1200
96,-250,546,12,Blunder,1200
99,960,654,11,Blunder,1200
100,-442,74,11,Mistake,1200
104,-968,164,11,Blunder,1200
109,1075,525,10,Blunder,1200
114,-556,83,9,Mistake,1200
16,-15,55,30,Mistake,1200
17,72,72,30,Mistake,1200
23,47,51,28,Mistake,1200
50,97,98,24,Mistake,1200
55,0,81,24,Mistake,1200
67,-22,61,23,Mistake,1200
72,75,59,23,Mistake,1200
80,-32,53,19,Mistake,1200
82,-153,84,19,Mistake,1200
84,-268,90,18,Mistake,1200
86,-420,67,18,Mistake,1200
89,635,340,18,Blunder,1200
90,-368,187,17,Blunder,1200
91,580,470,16,Blunder,1200
93,171,171,16,Blunder,1200
94,-37,326,16,Blunder,1200
99,374,178,15,Blunder,1200
102,-205,61,14,Mistake,1200
103,266,238,14,Blunder,1200
130,14,313,9,Blunder,1200
144,-422,245,7,Blunder,1200
16,-15,55,30,Mistake,1200
17,72,72,30,Mistake,1200
36,75,60,28,Mistake,1200
53,-4,62,24,Mistake,1200
56,55,88,24,Mistake,1200
57,33,79,24,Mistake,1200
90,0,60,22,Mistake,1200
9,77,54,32,Mistake,1200
37,35,53,28,Mistake,1200
45,40,69,24,Mistake,1200
46,33,115,24,Mistake,1200
47,74,101,24,Mistake,1200
49,0,64,24,Mistake,1200
55,-54,93,21,Mistake,1200
58,242,242,21,Blunder,1200
60,0,106,21,Mistake,1200
64,-123,83,19,Mistake,1200
65,192,111,19,Mistake,1200
66,-58,330,19,Blunder,1200
70,-395,59,19,Mistake,1200
72,-540,91,19,Mistake,1200
